p_log, errorTotal_out_log
0, 82.8983
58, 12.5657
77, 8.36085
84, 6.98571
87, 6.10263
87, 5.60768
89, 5.33285
90, 5.1279
90, 4.99313
90, 4.89009
90, 4.80308
91, 4.73373
91, 4.66132
91, 4.54705
91, 4.45131
